,text,size
0,organization,100
1,website,85
2,community,82
3,staff,80
4,grant,79
5,services,75
6,service,73
7,programs,71
8,board,65
9,strategic,62
10,years,61
11,’,61
12,program,60
13,plan,57
14,work,55
15,current,55
16,taproot,52
17,year,52
18,brand,51
19,support,50
20,donors,46
21,development,46
22,mission,45
23,marketing,44
24,time,43
25,key,43
26,€™,42
27,information,39
28,foundation,39
29,annual,37
30,report,36
31,resources,34
32,strategy,34
33,provide,34
34,site,34
35,members,34
36,identity,33
37,volunteers,32
38,funding,31
39,growth,31
40,agency,30
41,develop,30
42,public,30
43,process,29
44,brochure,28
45,serve,27
46,school,27
47,people,26
48,capacity,26
49,messages,26
50,potential,26
51,increase,26
52,create,26
53,fundraising,25
54,youth,25
55,â,24
56,organizational,23
57,effective,23
58,center,22
59,goals,22
60,project,22
61,past,22
62,planning,22
63,students,22
64,funders,22
65,impact,21
66,branding,21
67,management,21
68,professional,21
69,health,20
70,team,20
71,materials,20
72,financial,20
73,communications,20
74,web,20
75,make,20
76,clients,20
77,donor,20
78,children,20
79,efforts,20
80,visual,19
81,order,19
82,effectively,19
83,messaging,19
84,critical,19
85,families,19
86,education,19
87,high,19
88,database,19
89,volunteer,18
90,design,18
91,future,18
92,organizations,18
93,communicate,18
94,strong,18
95,message,18
96,build,17
97,based,17
98,important,17
99,system,17
100,data,17
101,logo,16
102,individual,16
103,area,16
104,leadership,16
105,expertise,16
106,reach,16
107,success,16
108,partners,16
109,including,16
110,expand,16
111,opportunities,15
112,ability,15
113,long,15
114,training,15
115,stakeholders,15
116,quality,15
117,building,15
118,improve,14
119,social,14
120,online,14
121,clear,14
122,audiences,14
123,care,14
124,schools,14
125,¿,14
126,assistance,14
127,focus,13
128,working,13
129,providing,13
130,number,13
131,director,13
132,outreach,13
133,access,13
134,city,13
135,addition,13
136,communities,13
137,major,13
138,meet,13
139,communication,13
140,individuals,13
141,supporters,13
142,vision,13
143,base,13
144,developing,13
145,continue,13
146,part,13
147,developed,12
148,increased,12
